Accuracy,Precision,Recall,F1 Score,Model,Best Params,Dataset
0.8755868544600939,0.8669545048066175,0.8755868544600939,0.8666733969205175,LogisticRegression,"{'solver': 'liblinear', 'penalty': 'l2', 'C': 1}",Before SMOTE
0.9248826291079812,0.9219572841649535,0.9248826291079812,0.9214845999600698,RandomForest,"{'n_estimators': 100, 'min_samples_split': 5, 'min_samples_leaf': 1, 'max_depth': None}",Before SMOTE
0.9366197183098591,0.9350011420704811,0.9366197183098591,0.935297329857163,GradientBoosting,"{'n_estimators': 200, 'max_depth': 7, 'learning_rate': 0.1}",Before SMOTE
0.9295774647887324,0.9273483071680898,0.9295774647887324,0.9278044032968407,XGBoost,"{'n_estimators': 100, 'max_depth': 7, 'learning_rate': 0.1}",Before SMOTE
0.8499496475327291,0.8510865516208932,0.8499496475327291,0.849919697588352,LogisticRegression,"{'solver': 'liblinear', 'penalty': 'l2', 'C': 10}",After SMOTE
0.9808660624370594,0.9812876395146802,0.9808660624370594,0.9808805064529261,RandomForest,"{'n_estimators': 50, 'min_samples_split': 2, 'min_samples_leaf': 1, 'max_depth': None}",After SMOTE
0.9808660624370594,0.9811463046757165,0.9808660624370594,0.980913819233423,GradientBoosting,"{'n_estimators': 200, 'max_depth': 7, 'learning_rate': 0.1}",After SMOTE
0.9838872104733132,0.9840980258679374,0.9838872104733132,0.9839158788467125,XGBoost,"{'n_estimators': 200, 'max_depth': 7, 'learning_rate': 0.1}",After SMOTE
